{ 
    "restartPoint": {},
    "restartBot": {},
    "userAgent": {},
    "keyCommand": "",
    "setKey":"",
    "autoAdd": false,
    "autoJoin": true,
    "autoReject": false,
    "autoLeave": false,
    "autoRead": false,
    "autoLike": true,
    "server": {},
    "changePicture": false,
    "changeGroupPicture": false,
    "autoJoinTicket": true,
    "Img": {},
    "Images": {},
    "Addimage": false,
    "ARAdmin": {},
    "ARGfoto": {},
    "ARSDadmin": false,
    "ARSDstaff": false,
    "ARSadmin": false,
    "ARSstaff": false,
    "ARStaff": {},
    "ARautojoin": true,
    "ARautoread": false,
    "ARautoscan": false,
    "ARblacklist": {},
    "ARdblacklist": false,
    "ARfoto": {},
    "ARgreet": {},
    "ARlimit": 1,
    "postEndUrl": true,
    "checkPost": true,
    "MENTION": {},
    "MENTION": true,
    "ARmessage": "Hallo...",
    "ARmessage1": "Chat with me http://line.me/ti/p/~afr1z4l",
    "ARprotcancel": {},
    "ARprotinvite": {},
    "ARprotkick": {},
    "ARprotqr": {},
    "SpamInvite": false,
    "ARreadMember": {},
    "ARreadPoint": {},
    "ARwblacklist": false
}
