{
    ":(": {
        "STKID": "52002750",
        "STKPKGID": "11537",
        "STKVER": "1"
    },
    "?": {
        "STKID": "62074425",
        "STKPKGID": "4048869",
        "STKVER": "1"
    },
    "bye": {
        "STKID": "92139597",
        "STKPKGID": "12604",
        "STKVER": "1"
    },
    "calleda": {
        "STKID": "92139581",
        "STKPKGID": "12604",
        "STKVER": "1"
    },
    "cubit": {
        "STKID": "12842266",
        "STKPKGID": "1318245",
        "STKVER": "1"
    },
    "goyang seksi": {
        "STKID": "92139579",
        "STKPKGID": "12604",
        "STKVER": "1"
    },
    "hahaha": {
        "STKID": "65872687",
        "STKPKGID": "4160218",
        "STKVER": "1"
    },
    "inhu eghi": {
        "STKID": "15659374",
        "STKPKGID": "1405277",
        "STKVER": "2"
    },
    "kiss": {
        "STKID": "62074423",
        "STKPKGID": "4048869",
        "STKVER": "1"
    },
    "marah": {
        "STKID": "60188414",
        "STKPKGID": "3992669",
        "STKVER": "1"
    },
    "minta kopi": {
        "STKID": "65872702",
        "STKPKGID": "4160218",
        "STKVER": "1"
    },
    "nangis": {
        "STKID": "62074427",
        "STKPKGID": "4048869",
        "STKVER": "1"
    },
    "ngopi": {
        "STKID": "65872705",
        "STKPKGID": "4160218",
        "STKVER": "1"
    },
    "sorry": {
        "STKID": "62074436",
        "STKPKGID": "4048869",
        "STKVER": "1"
    },
    "tampar": {
        "STKID": "62074432",
        "STKPKGID": "4048869",
        "STKVER": "1"
    }
}